lambda,epoch,train_loss,classification_loss,sparsity_loss,gate_grad_norm_last_batch,test_accuracy,sparsity_pct,mean_gate,median_gate,min_gate,max_gate,gate_q01,gate_q05,gate_q25,gate_q75,gate_q95,gate_q99
1e-05,1,37.5317924284874,1.65903573267905,3587275.7621483374,0.003979234024882317,44.66,0.0,0.9318912029266357,0.930542528629303,0.9293069243431091,0.9545057415962219,0.9299627542495728,0.9300256371498108,0.9302069544792175,0.9313846230506897,0.9418835043907166,0.9492389559745789
1e-05,2,36.29398249360302,1.4396964765875542,3485428.6905370844,0.0048442925326526165,50.06,0.0,0.8979577422142029,0.8936872482299805,0.8899911642074585,0.9563525319099426,0.891322135925293,0.8915567994117737,0.8922754526138306,0.8975809812545776,0.927169144153595,0.9458354711532593
1e-05,3,34.52525450567455,1.314226778876751,3321102.8625319693,0.005618719384074211,51.36,0.0,0.8444405198097229,0.834385335445404,0.8255459070205688,0.956803560256958,0.8271172046661377,0.8277589082717896,0.8298843502998352,0.8466625213623047,0.9087190628051758,0.9424794912338257
1e-05,4,31.951864325481914,1.2111841272515105,3074068.103580563,0.0076696304604411125,53.61,0.0,0.768092155456543,0.7485291957855225,0.7210245132446289,0.9584172368049622,0.7307076454162598,0.7320800423622131,0.7371733784675598,0.7781364917755127,0.8878856301307678,0.9392422437667847
1e-05,5,28.59306370083938,1.1109695551950303,2748209.4820971866,0.008271842263638973,54.31,0.0,0.6750309467315674,0.6431515216827393,0.604020893573761,0.9590250253677368,0.6089571118354797,0.6112622022628784,0.6208778619766235,0.6985790729522705,0.8663028478622437,0.9361829161643982
1e-05,6,24.86172152175318,1.010356368616109,2385136.574808184,0.012262539938092232,54.67,0.0,0.5797675251960754,0.5349571704864502,0.4759911894798279,0.9602386951446533,0.48320963978767395,0.48625248670578003,0.5005667209625244,0.6187131404876709,0.8452569246292114,0.9333759546279907
1e-05,7,21.315610553907312,0.9144770339931674,2040113.4066496163,0.012500620447099209,55.5,0.0,0.49516141414642334,0.43887096643447876,0.3706607222557068,0.9605596661567688,0.37339165806770325,0.37670662999153137,0.3945004940032959,0.5467311143875122,0.8253406882286072,0.9307554960250854
1e-05,8,18.285724747211425,0.8112853709084299,1747443.9804987211,0.015419797971844673,55.44,0.0,0.4261545240879059,0.3607349097728729,0.284668505191803,0.9609445929527283,0.2868792414665222,0.29007792472839355,0.3097894787788391,0.48573625087738037,0.8069790601730347,0.9283280372619629
1e-05,9,15.856955669725032,0.7169445907825704,1514001.1441815856,0.018436500802636147,55.08,0.0,0.3720382750034332,0.2998739778995514,0.21999987959861755,0.9613865613937378,0.22179973125457764,0.22467350959777832,0.24523016810417175,0.4355478286743164,0.7899523973464966,0.9261382818222046
1e-05,10,13.943765759772962,0.6251489613824488,1331861.7103580562,0.022619344294071198,56.18,0.0,0.32988476753234863,0.25282585620880127,0.1692028045654297,0.9623227715492249,0.1733980029821396,0.17590729892253876,0.1966400295495987,0.3945591151714325,0.7742847800254822,0.9240545630455017
1e-05,11,12.435279419355075,0.5409653728727795,1189431.4351023019,0.019105374813079834,55.7,0.0,0.2967289686203003,0.2161523401737213,0.13619935512542725,0.9632819294929504,0.137193500995636,0.13933899998664856,0.159843310713768,0.360599160194397,0.759947657585144,0.9221450686454773
1e-05,12,11.231642937721194,0.465443043605141,1076620.015185422,0.02610171027481556,55.76,0.0,0.27025240659713745,0.18721920251846313,0.10897935181856155,0.9638141989707947,0.10976975411176682,0.111576609313488,0.13165414333343506,0.3322277069091797,0.7466350197792053,0.9203376770019531
1e-05,13,10.255391267254529,0.3973558310352628,985803.5682544757,0.0331248864531517,55.68,0.0,0.24874410033226013,0.1640058308839798,0.08795998245477676,0.9653283953666687,0.08869516104459763,0.09019873291254044,0.10971112549304962,0.30809876322746277,0.7342455387115479,0.9185754060745239
1e-05,14,9.455690613183219,0.34165347072169605,911403.7372122762,0.032614149153232574,56.07,0.0,0.23096930980682373,0.14506793022155762,0.07166804373264313,0.965606153011322,0.07227152585983276,0.0735151618719101,0.09236941486597061,0.28738969564437866,0.7224740982055664,0.9168961048126221
1e-05,15,8.780703273880512,0.2862485613664398,849445.4960038363,0.022648707032203674,55.33,0.0,0.21603438258171082,0.12933692336082458,0.05881328880786896,0.9659416079521179,0.05930875986814499,0.06033508479595184,0.07846149802207947,0.2691945433616638,0.7113173604011536,0.9153218269348145
1e-05,16,8.20903348678823,0.2407916853266299,796824.2034846548,0.029356159269809723,55.42,0.0,0.2032162994146347,0.11600865423679352,0.04873976856470108,0.9664391875267029,0.04896286502480507,0.04981011152267456,0.0671178475022316,0.2530384063720703,0.700437068939209,0.9137535095214844
1e-05,17,7.718950375266697,0.20521240910072155,751373.815696931,0.026753008365631104,55.64,0.0,0.19207534193992615,0.10458385944366455,0.04047221317887306,0.9674793481826782,0.04062565043568611,0.04132649302482605,0.0577428825199604,0.23850873112678528,0.6898877620697021,0.9122176170349121
1e-05,18,7.302688466923316,0.18604541263159582,711664.3228900256,0.04480166733264923,55.69,0.0,0.1823040395975113,0.09469839930534363,0.03367599844932556,0.9679081439971924,0.03385179117321968,0.03443130850791931,0.049950696527957916,0.2254270613193512,0.6798299551010132,0.910734236240387
1e-05,19,6.934814712885395,0.1668828320510857,676793.2060421995,0.03179856762290001,55.17,0.0,0.17370285093784332,0.08612944185733795,0.028230048716068268,0.9685974717140198,0.028309529647231102,0.028791017830371857,0.04342949762940407,0.21359290182590485,0.6699860692024231,0.9093133211135864
1e-05,20,6.6103862069756785,0.15060435837644445,645978.201246803,0.03720094636082649,55.77,0.0,0.16607363522052765,0.07859543710947037,0.02367774024605751,0.9682773351669312,0.02374802529811859,0.0241489689797163,0.037928253412246704,0.202914759516716,0.6603753566741943,0.9078405499458313
1e-05,21,6.328394814220536,0.14225839812051305,618613.6574488491,0.03901161253452301,55.62,0.0,0.15930864214897156,0.0720343142747879,0.01992449164390564,0.9689507484436035,0.019974835216999054,0.020309779793024063,0.033262014389038086,0.19324049353599548,0.6514513492584229,0.906401515007019
1e-05,22,6.0590490246063,0.1178195388878093,594122.9645140665,0.06377173215150833,55.63,0.0,0.15316252410411835,0.0661826953291893,0.01677730679512024,0.9694408774375916,0.016840483993291855,0.01712094061076641,0.02926214225590229,0.1842321753501892,0.6425421237945557,0.9049543142318726
1e-05,23,5.827738152135669,0.1096106186375746,571812.7696611254,0.04287987947463989,55.2,0.0,0.14756383001804352,0.06091392785310745,0.014192480593919754,0.9689490795135498,0.014227480627596378,0.014463084749877453,0.02580888941884041,0.17586340010166168,0.6338696479797363,0.9035922288894653
1e-05,24,5.602845806599883,0.08920660715483492,551363.9320652174,0.029570454731583595,55.62,0.0,0.14239519834518433,0.05616757273674011,0.012013115920126438,0.969282865524292,0.012042433023452759,0.012240496464073658,0.02280549146234989,0.1680266559123993,0.625228762626648,0.9021483063697815
1e-05,25,5.417655311886917,0.0943804131963712,532327.503516624,0.05836371332406998,54.7,0.0,0.13756561279296875,0.0518457368016243,0.010185932740569115,0.9696491360664368,0.010210562497377396,0.01037727203220129,0.020173216238617897,0.16056588292121887,0.616469144821167,0.9006794691085815
1e-05,26,5.250781148291,0.10249114688247671,514829.012547954,0.0450788214802742,55.0,8.133770527661866,0.1331917643547058,0.047973211854696274,0.008650697767734528,0.9698711037635803,0.008671410381793976,0.008811972104012966,0.017897160723805428,0.15375541150569916,0.6080934405326843,0.8993176221847534
1e-05,27,5.074086225855991,0.08507409490778318,498901.22570332483,0.024254372343420982,54.78,12.036602756090995,0.12916621565818787,0.04448303207755089,0.007358350325375795,0.9702488780021667,0.007375785615295172,0.007494528312236071,0.015917066484689713,0.14743825793266296,0.5998164415359497,0.8978356122970581
1e-05,28,4.924692088075916,0.08292541510480292,484176.6787883632,0.09440767765045166,55.35,15.798701667451878,0.1254495531320572,0.04131904989480972,0.006268720608204603,0.9702754020690918,0.0062834410928189754,0.006383792497217655,0.014187688939273357,0.1415310502052307,0.5920807123184204,0.8964645266532898
1e-05,29,4.787269644725049,0.0817139644623565,470555.5786445013,0.04490473493933678,55.75,19.113098793579216,0.12200813740491867,0.03846751153469086,0.005348765756934881,0.9707682132720947,0.005361207760870457,0.005446086637675762,0.012670530006289482,0.13602693378925323,0.584365725517273,0.8950374126434326
1e-05,30,4.647257773162764,0.0684729513719373,457878.4940856777,0.022452866658568382,55.73,22.042575969174855,0.11876928061246872,0.03583678603172302,0.0045711747370660305,0.9707009196281433,0.004581690765917301,0.004653576761484146,0.011332511901855469,0.13077738881111145,0.5769083499908447,0.8935957551002502
1e-05,31,4.517001508142028,0.05807199155735543,445892.96219629154,0.06328979879617691,55.8,24.67765155976578,0.1156957596540451,0.03340114653110504,0.003913215361535549,0.9708192348480225,0.003922115545719862,0.003983047790825367,0.01014603953808546,0.12578731775283813,0.5692664384841919,0.8921946287155151
1e-05,32,4.409967245653157,0.06559445115420824,434437.28980179026,0.07534215599298477,54.76,27.053922970790147,0.11275579780340195,0.031132856383919716,0.003355983179062605,0.9708249568939209,0.0033635275904089212,0.0034152125008404255,0.009084868244826794,0.12098720669746399,0.5616151690483093,0.8908184766769409
1e-05,33,4.297674448593803,0.06086369976163139,423681.08607736573,0.020187679678201675,54.87,29.19555121819895,0.11003363877534866,0.02906268835067749,0.0028836752753704786,0.9710513949394226,0.0028900685720145702,0.0029339503962546587,0.008151188492774963,0.11651016026735306,0.5543055534362793,0.8894555568695068
1e-05,34,4.1927401318269615,0.05713004850641922,413561.0191016624,0.05413113534450531,54.93,31.16371441311078,0.1074366644024849,0.027151186019182205,0.002483041724190116,0.9707876443862915,0.0024884631857275963,0.002525751246139407,0.007322084158658981,0.11226321756839752,0.5469752550125122,0.8880442380905151
1e-05,35,4.090685116360559,0.05123662780446317,403944.8602141944,0.043653704226017,55.48,32.97242541896621,0.10496990382671356,0.025386584922671318,0.0021429576445370913,0.9714903235435486,0.0021475632674992085,0.0021792566403746605,0.00658429553732276,0.1081472858786583,0.5396938323974609,0.886641263961792
1e-05,36,3.9909722311112583,0.044062927861929016,394690.94125639385,0.029897747561335564,55.21,34.67826150053843,0.10256713628768921,0.023720623925328255,0.001854062546044588,0.9721561670303345,0.0018579782918095589,0.0018849410116672516,0.005919997580349445,0.10412035882472992,0.5324066877365112,0.8851268887519836
1e-05,37,3.916138249589964,0.058087927351236496,385805.0426790281,0.013564626686275005,55.76,36.26021650794185,0.10031827539205551,0.022197728976607323,0.0016082657966762781,0.9720371961593628,0.0016118001658469439,0.0016347597120329738,0.005328833125531673,0.1003904938697815,0.5253672003746033,0.8837367296218872
1e-05,38,3.823253087070592,0.04852146999386456,377473.17071611254,0.039155468344688416,55.49,37.730909905438146,0.09816477447748184,0.020778942853212357,0.0013994283508509398,0.9721329212188721,0.0014023525873199105,0.0014219072181731462,0.004803052172064781,0.09682554751634598,0.5182443261146545,0.8822079300880432
1e-05,39,3.746380504744742,0.05150420872180168,369487.63850703323,0.06070313602685928,55.95,39.100963075447574,0.09612875431776047,0.01947886124253273,0.0012215874157845974,0.9721365571022034,0.0012240023352205753,0.0012406683526933193,0.0043336073867976665,0.0935099869966507,0.5114364624023438,0.880800724029541
1e-05,40,3.675378996392955,0.05566470524358094,361971.43757992325,0.027199527248740196,55.55,40.37379378954099,0.09421930462121964,0.018282480537891388,0.0010698436526581645,0.972258448600769,0.0010719798738136888,0.0010862041963264346,0.003918168600648642,0.09032279253005981,0.5050101280212402,0.8794364333152771
1e-05,41,3.581569651508575,0.03257137312806304,354899.83751598466,0.03886406868696213,55.89,41.56914625117782,0.09238436073064804,0.01717774011194706,0.0009404916199855506,0.9724531173706055,0.0009422508883289993,0.0009544024942442775,0.003547493601217866,0.08728981763124466,0.4985191822052002,0.8778860569000244
1e-05,42,3.5243067156018504,0.04492796789330747,347937.8838714834,0.03542347997426987,55.06,42.72188173038094,0.09057311713695526,0.016121627762913704,0.0008298105094581842,0.972386360168457,0.0008314021397382021,0.0008418028010055423,0.0032107271254062653,0.0842985287308693,0.49171578884124756,0.8763622641563416
1e-05,43,3.4729346838753545,0.059879311218695795,341305.5456361893,0.06480084359645844,55.17,43.7842302968098,0.0889112576842308,0.015163804404437542,0.0007349138613790274,0.9725436568260193,0.0007365432684309781,0.0007454546866938472,0.002913306001573801,0.08157533407211304,0.48557063937187195,0.8749123215675354
1e-05,44,3.37953530857935,0.02790843139645522,335162.69581202045,0.07311158627271652,55.85,44.7868730229506,0.0873093232512474,0.014278865419328213,0.0006539083551615477,0.9725468754768372,0.0006552259437739849,0.0006628776900470257,0.0026501629035919905,0.07895442843437195,0.47953832149505615,0.8734310865402222
1e-05,45,3.3250108527405486,0.034916867755705974,329009.40704923274,0.06425353139638901,55.51,45.77736951473953,0.08568914979696274,0.013420620001852512,0.0005843791295774281,0.9725744128227234,0.0005853828624822199,0.0005919666728004813,0.0024067675694823265,0.07635030895471573,0.4729306101799011,0.8718189597129822
1e-05,46,3.2701603555313463,0.04028354524789602,322987.68989769823,0.04280569404363632,55.3,46.71691491957195,0.08414921164512634,0.012628057040274143,0.0005244413623586297,0.9724748730659485,0.0005252620321698487,0.000530939782038331,0.0021887021139264107,0.07386042177677155,0.46673959493637085,0.8702324628829956
1e-05,47,3.2171971993068293,0.0442250883468734,317297.2184303069,0.0215683002024889,55.17,47.6032745406515,0.08270157128572464,0.011898393742740154,0.0004726741462945938,0.9732357263565063,0.0004733827372547239,0.00047829232062213123,0.0019942226354032755,0.07153357565402985,0.4607505202293396,0.8686850070953369
1e-05,48,3.149900575428058,0.03101267833846247,311888.79875319696,0.04755076393485069,55.66,48.447674443060976,0.08129091560840607,0.0112124253064394,0.00042785893310792744,0.9730576276779175,0.0004284946480765939,0.0004327500646468252,0.001819609198719263,0.06928817927837372,0.4549064040184021,0.8671248555183411
1e-05,49,3.1001968908187982,0.03446723011267536,306572.97370524297,0.016782652586698532,55.7,49.26680912639655,0.07991071790456772,0.01056690327823162,0.0003890080261044204,0.9731383323669434,0.000389542750781402,0.0003932421968784183,0.0016616064822301269,0.0670766681432724,0.4487893581390381,0.8654139041900635
1e-05,50,3.059971922803718,0.04593321301943391,301403.8779571611,0.07071202248334885,55.35,50.045719267398034,0.07858526706695557,0.009965102188289165,0.0003547092783264816,0.9737377762794495,0.0003556348383426666,0.0003588615218177438,0.0015184471849352121,0.06500459462404251,0.44307851791381836,0.8639495372772217
0.0001,1,360.017924277069,1.6595886274981682,3583583.445652174,0.013357164338231087,44.63,0.0,0.9296184778213501,0.9294617772102356,0.9288638830184937,0.9528793096542358,0.9294093251228333,0.9294353127479553,0.9294528961181641,0.9294779300689697,0.9299342036247253,0.9335223436355591
0.0001,2,348.2393241550611,1.4416796694631162,3467976.5274936063,0.019657567143440247,50.03,0.0,0.8902965188026428,0.8897556066513062,0.8888043165206909,0.9530843496322632,0.8896602988243103,0.8897053003311157,0.8897312879562378,0.8898099660873413,0.8913068771362305,0.9047532081604004
0.0001,3,328.55972953464675,1.3165940851201792,3272431.4367007674,0.028765587136149406,51.75,0.0,0.8251456618309021,0.8237491250038147,0.8224266767501831,0.9523274898529053,0.8235742449760437,0.8236424326896667,0.8236863613128662,0.823932409286499,0.8277777433395386,0.8638432025909424
0.0001,4,297.65481153717434,1.2087622969351766,2964460.570971867,0.03993966430425644,52.71,0.0,0.7281436920166016,0.7251803874969482,0.7226004600524902,0.9527154564857483,0.7248610854148865,0.7249520421028137,0.7250312566757202,0.725688636302948,0.7341298460960388,0.8107532262802124
0.0001,5,255.5845797409487,1.1119150211439108,2544726.7090792838,0.048962537199258804,54.75,0.0,0.6071773767471313,0.6020182371139526,0.5990702509880066,0.9529614448547363,0.6014874577522278,0.6015893220901489,0.6017159223556519,0.6031020879745483,0.6184982657432556,0.7490326166152954
0.0001,6,208.26521094436842,1.0105284539330037,2072546.8756393862,0.05345267429947853,55.32,0.0,0.48379722237586975,0.47635719180107117,0.4741494357585907,0.9537801742553711,0.4755888283252716,0.47568759322166443,0.47585976123809814,0.4781695008277893,0.5010980367660522,0.6845183968544006
0.0001,7,163.98069294883163,0.9176002381097935,1630630.9680306904,0.04916522651910782,56.37,0.0,0.3770085871219635,0.3676958978176117,0.3654686510562897,0.9554661512374878,0.36670058965682983,0.3667902648448944,0.3669999837875366,0.370269238948822,0.3995460867881775,0.6223618388175964
0.0001,8,127.61729749206387,0.8307992620846195,1267865.0156649617,0.04818854480981827,56.3,0.0,0.2932417094707489,0.2826293706893921,0.28061115741729736,0.9571889638900757,0.2814300060272217,0.2815120816230774,0.281750351190567,0.28592562675476074,0.31979209184646606,0.5648854374885559
0.0001,9,99.77356993145955,0.7575911156966558,990159.8147378516,0.045452143996953964,56.23,0.0,0.23032543063163757,0.2188778668642044,0.21681475639343262,0.9600737690925598,0.21748334169387817,0.2175588756799698,0.21782132983207703,0.22286087274551392,0.259901225566864,0.5142617225646973
0.0001,10,78.98016094002882,0.6849043408928015,782952.5851982097,0.05401613935828209,57.0,0.0,0.18352970480918884,0.17158004641532898,0.16956385970115662,0.9627035856246948,0.16998684406280518,0.17005717754364014,0.17034362256526947,0.1762174665927887,0.21529999375343323,0.46894848346710205
0.0001,11,63.46815601944009,0.6187169539654042,628494.4085677749,0.04416150599718094,56.74,0.0,0.14849910140037537,0.1362709403038025,0.1341051608324051,0.9647073745727539,0.13447457551956177,0.13453951478004456,0.13485108315944672,0.14152531325817108,0.18186667561531067,0.4301193654537201
0.0001,12,51.78948539480224,0.5683065978309992,512211.80163043475,0.05940284579992294,56.95,0.0,0.12195099145174026,0.10958518087863922,0.10728537291288376,0.9670177102088928,0.10757128149271011,0.10763242095708847,0.10797177255153656,0.11544923484325409,0.15653929114341736,0.3960055112838745
0.0001,13,42.858745145675776,0.5106320204332356,423481.14242327365,0.05740724503993988,56.38,0.0,0.10153452306985855,0.08913594484329224,0.08637069165706635,0.9691566228866577,0.08689455687999725,0.08694946765899658,0.08732303977012634,0.09557600319385529,0.13695627450942993,0.3660747706890106
0.0001,14,35.9344820964062,0.45788081504804706,354766.0214993606,0.05375789478421211,56.52,0.0,0.08560051023960114,0.0732467770576477,0.07052489370107651,0.9711694121360779,0.07077803462743759,0.07082482427358627,0.07123708724975586,0.08022072166204453,0.12155722081661224,0.33979421854019165
0.0001,15,30.490531277473625,0.41172525294296575,300788.0676950128,0.049238044768571854,57.17,0.0,0.07299962639808655,0.06075197085738182,0.057862408459186554,0.9729408025741577,0.05805455148220062,0.058092981576919556,0.05854780226945877,0.06820830702781677,0.10920839756727219,0.3159300982952118
0.0001,16,26.150602379723278,0.36713005274610444,257834.72929987212,0.05438084527850151,56.35,0.0,0.06290903687477112,0.050815604627132416,0.04772660508751869,0.9747478365898132,0.04789792746305466,0.04792754724621773,0.04842576012015343,0.058685027062892914,0.0990694910287857,0.29508185386657715
0.0001,17,22.652214123464912,0.32566391236489384,223265.50751278774,0.06832835078239441,56.4,0.0,0.054742638021707535,0.04284176602959633,0.03955351188778877,0.9764547944068909,0.03971244767308235,0.039733752608299255,0.04027683287858963,0.051055509597063065,0.09073200821876526,0.27641674876213074
0.0001,18,19.800835787487763,0.28910184851692766,195117.34490888746,0.0682428628206253,56.58,0.0,0.04805108159780502,0.03637520968914032,0.03292439132928848,0.977929413318634,0.0330599881708622,0.03307492658495903,0.033659812062978745,0.04484241455793381,0.08367970585823059,0.2597428560256958
0.0001,19,17.445441136274802,0.2512042163049473,171942.3730418798,0.07336831837892532,56.66,0.0,0.04251287877559662,0.03108805976808071,0.027501428499817848,0.9792445302009583,0.02761540748178959,0.02762576751410961,0.02824794314801693,0.03971925377845764,0.07764846831560135,0.24429209530353546
0.0001,20,15.486416499633009,0.2203049715941824,152661.11916560103,0.06567639112472534,56.58,0.0,0.03788163512945175,0.026729896664619446,0.02303501032292843,0.9806292057037354,0.023132959380745888,0.023140305653214455,0.023793501779437065,0.03544727340340614,0.07241401821374893,0.23029199242591858
0.0001,21,13.84193983834113,0.19339529161944108,136485.44894900895,0.04557057097554207,56.73,0.0,0.03398250788450241,0.02311108075082302,0.019335268065333366,0.9817630648612976,0.01942404732108116,0.019429638981819153,0.020107025280594826,0.03185135871171951,0.06786003708839417,0.21728870272636414
0.0001,22,12.452365558165724,0.1717533572669834,122806.12496003836,0.05509153753519058,56.53,0.0,0.03067127987742424,0.02008451335132122,0.01627354510128498,0.9829014539718628,0.016342587769031525,0.01634700410068035,0.017042409628629684,0.02879215218126774,0.06384626775979996,0.20571698248386383
0.0001,23,11.25939282858768,0.14534924552797357,111140.43863890665,0.07745714485645294,56.31,0.0,0.027830785140395164,0.01753215305507183,0.013714880682528019,0.983897864818573,0.01377349253743887,0.013777037151157856,0.014482531696557999,0.0261518694460392,0.06022951006889343,0.1946662962436676
0.0001,24,10.241057642280598,0.13068776168024449,101103.70152653453,0.060077965259552,56.34,0.0,0.0253833569586277,0.015369207598268986,0.011581203900277615,0.9848318696022034,0.011625079438090324,0.011628000065684319,0.012335257604718208,0.02386324480175972,0.05697294697165489,0.18413931131362915
0.0001,25,9.350658558213802,0.10938183215382459,92412.76958120204,0.048258502036333084,55.29,14.24808499629829,0.023248519748449326,0.013517643325030804,0.009784739464521408,0.9857686161994934,0.009823953732848167,0.009826398454606533,0.010528316721320152,0.021844811737537384,0.05400819703936577,0.17468716204166412
0.0001,26,8.576425630418235,0.09724995585353784,84791.75859175192,0.06312015652656555,56.56,36.755267574707226,0.02137080766260624,0.011919497512280941,0.00828506052494049,0.9866288900375366,0.008310714736580849,0.008312778547406197,0.00900011882185936,0.020046574994921684,0.05128929018974304,0.1652427613735199
0.0001,27,7.892105508643343,0.08504382561882744,78070.6184862532,0.07521114498376846,55.75,46.860435034997984,0.01970994845032692,0.010533995926380157,0.00701899966225028,0.9874168634414673,0.007037042640149593,0.007038784679025412,0.007704435382038355,0.018439605832099915,0.04874930530786514,0.1567452996969223
0.0001,28,7.292479155313633,0.07967404902572064,72128.05288922634,0.07382117211818695,55.88,53.55561292737919,0.01824199967086315,0.009333373047411442,0.005946202203631401,0.9880725145339966,0.005963391158729792,0.005964858457446098,0.006604790221899748,0.0170018058270216,0.04643280804157257,0.14882466197013855
0.0001,29,6.759281087714388,0.07110967579990854,66881.71578284846,0.06954558938741684,56.35,58.51472060506125,0.01694609597325325,0.008294112049043179,0.0050445138476789,0.9888379573822021,0.005057151895016432,0.005058397073298693,0.005671642255038023,0.01572762429714203,0.04430599883198738,0.14157652854919434
0.0001,30,6.287211854744445,0.06476723396069253,62224.447790121485,0.046732041984796524,55.87,62.45685720655539,0.015790965408086777,0.007386392913758755,0.0042811064049601555,0.9894178509712219,0.0042913733050227165,0.004292428493499756,0.004876560065895319,0.01457649003714323,0.04233216494321823,0.1346382200717926
0.0001,31,5.858095677612383,0.05294539975693159,58051.504175991045,0.051053889095783234,56.1,65.69866612262754,0.014747180975973606,0.006587165407836437,0.0036368556320667267,0.9900497198104858,0.003643668256700039,0.003644561395049095,0.004197156522423029,0.01352497935295105,0.040462203323841095,0.12829908728599548
0.0001,32,5.475259776005659,0.049216686774169086,54260.43204523657,0.06777151674032211,56.13,68.46083023455378,0.013796744868159294,0.0058786519803106785,0.0030896419193595648,0.9906045794487,0.003095413325354457,0.003096171421930194,0.003614266635850072,0.012556327506899834,0.03869360685348511,0.12214840203523636
0.0001,33,5.129819110226448,0.04819704563406956,50816.221936940536,0.055119529366493225,55.95,70.80994350686498,0.012937759049236774,0.005253194365650415,0.002626114059239626,0.9911354780197144,0.002631004201248288,0.0026316489093005657,0.003115222789347172,0.011672882363200188,0.037042975425720215,0.11644244194030762
0.0001,34,4.816838583982814,0.045773731158746174,47710.64978620524,0.06837441027164459,55.79,72.86468148472204,0.012161786668002605,0.004700555466115475,0.0022332549560815096,0.9916953444480896,0.002237401669844985,0.0022379476577043533,0.0026873622555285692,0.010873055085539818,0.035492271184921265,0.11124755442142487
0.0001,35,4.526561837062202,0.03677022482370934,44897.917359335035,0.08622737973928452,56.34,74.67399717324001,0.011452864855527878,0.004211094696074724,0.0019001286709681153,0.9920997023582458,0.0019036440644413233,0.0019041072810068727,0.0023203922901302576,0.010137098841369152,0.03404705598950386,0.10634817183017731
0.0001,36,4.259611423668044,0.030493183849889145,42291.18351382673,0.0336167998611927,55.67,76.33303607484184,0.010788464918732643,0.0037698145024478436,0.0016175290802493691,0.9925284385681152,0.0016205133870244026,0.001620905357412994,0.0020030413288623095,0.009438956156373024,0.032625094056129456,0.10145749151706696
0.0001,37,4.017725954885068,0.03478279525933363,39829.43247482417,0.07940175384283066,55.94,77.85964947334769,0.01016446202993393,0.0033696056343615055,0.0013777142157778144,0.992980420589447,0.0013802455505356193,0.0013805761700496078,0.001728144008666277,0.008776906877756119,0.03123697265982628,0.09682101011276245
0.0001,38,3.81224119022984,0.048068004333988175,37641.732776534525,0.030850904062390327,55.7,79.11252565957733,0.009640034288167953,0.0030316836200654507,0.0011741443304345012,0.9935128092765808,0.0011762941721826792,0.001176575431600213,0.0014952499186620116,0.008221043273806572,0.030088365077972412,0.09294746071100235
0.0001,39,3.6036709659849593,0.028858870091607505,35748.121813059464,0.06421426683664322,56.15,80.24441273219814,0.009159076027572155,0.0027329884469509125,0.0010012867860496044,0.9938109517097473,0.001003111945465207,0.0010033503640443087,0.0012962919427081943,0.007712824270129204,0.028981823474168777,0.08914767950773239
0.0001,40,3.4166880964927966,0.02147344451950258,33952.147268622124,0.020782211795449257,56.32,81.33741608056266,0.008693467825651169,0.0024580492172390223,0.0008544798474758863,0.9940990209579468,0.0008560302667319775,0.0008562330040149391,0.0011228699004277587,0.007218459155410528,0.027871016412973404,0.08543883264064789
0.0001,41,3.2386706283940074,0.019357997489392834,32193.127117966753,0.027172649279236794,55.6,82.41367234822991,0.008235359564423561,0.0022028449457138777,0.0007297664415091276,0.9944093823432922,0.0007310848450288177,0.0007312566158361733,0.0009714838815853,0.006730418186634779,0.02673986926674843,0.08174516260623932
0.0001,42,3.076683777982317,0.027481912511408024,30492.01939138427,0.0608939602971077,55.32,83.41894412942523,0.007804844528436661,0.0019719405099749565,0.0006238106288947165,0.9947822690010071,0.0006249290308915079,0.0006250755395740271,0.0008402680978178978,0.0062703778967261314,0.025628289207816124,0.07812917232513428
0.0001,43,2.953871326373361,0.054831608262894405,28990.39783807545,0.12098737061023712,55.36,84.22064817774935,0.00745597155764699,0.0017792381113395095,0.0005337696638889611,0.9951298236846924,0.0005347211263142526,0.0005348457489162683,0.0007290859357453883,0.005895283073186874,0.024759585037827492,0.075314000248909
0.0001,44,2.811173313414044,0.029474230835695402,27816.991453204922,0.032998260110616684,55.91,84.85835177177279,0.007170462515205145,0.001622252631932497,0.0004572420730255544,0.9953525066375732,0.0004580499662552029,0.00045815607882104814,0.0006370855262503028,0.005593345500528812,0.02404526248574257,0.07296369969844818
0.0001,45,2.6859384137956077,0.013839864091056845,26720.986118326407,0.013285147957503796,56.28,85.5243439981828,0.006877170410007238,0.0014731837436556816,0.00039218677557073534,0.9955586194992065,0.0003928740043193102,0.0003929641388822347,0.0005559858400374651,0.005284057464450598,0.0232650488615036,0.07046420872211456
0.0001,46,2.5708065270767797,0.012644776188389724,25581.618171555307,0.018996577709913254,55.91,86.21720516724997,0.006571933627128601,0.0013299075653776526,0.0003368742763996124,0.9957745671272278,0.000337458768626675,0.00033753536990843713,0.0004840287147089839,0.004961598664522171,0.022428326308727264,0.06791259348392487
0.0001,47,2.454276917840514,0.013521230293680792,24407.557559742647,0.01572401262819767,55.77,86.93509494043613,0.006260101683437824,0.0011947902385145426,0.0002898390230257064,0.9960225820541382,0.0002903365530073643,0.0002904010470956564,0.00042076464160345495,0.004634027369320393,0.02153538167476654,0.06522710621356964
0.0001,48,2.3566097255862886,0.03310898441792754,23235.007992327366,0.1141466274857521,54.18,87.61730843653251,0.005967242643237114,0.0010711458744481206,0.00024982847389765084,0.9963434338569641,0.0002502518764231354,0.00025030699907802045,0.00036567109054885805,0.004325300920754671,0.020682424306869507,0.06258097290992737
0.0001,49,2.2848825479102564,0.05233763735217359,22325.449653332802,0.03800913691520691,56.03,88.0370896570871,0.005777475889772177,0.0009801422711461782,0.00021578598534688354,0.9965782761573792,0.0002161461306968704,0.00021619291510432959,0.0003209278511349112,0.004120369907468557,0.02016901597380638,0.061051011085510254
0.0001,50,2.1753212247053377,0.013445224930934817,21618.76051490569,0.011626431718468666,55.88,88.45284842340827,0.005587353836745024,0.0008975304663181305,0.00018681013898458332,0.9967467784881592,0.0001871165877673775,0.00018715637270361185,0.00028253247728571296,0.003922529984265566,0.019626915454864502,0.05934669077396393
0.001,1,3584.9009488391143,1.661746562899226,3583239.0306905373,0.127924382686615,45.21,0.0,0.9294061660766602,0.9293999671936035,0.9291899800300598,0.9496709704399109,0.9293863773345947,0.9293951392173767,0.9293988347053528,0.9294010996818542,0.9294094443321228,0.9294655919075012
0.001,2,3467.79087451047,1.442377532229704,3466348.3388746805,0.1914634108543396,50.52,0.0,0.8895833492279053,0.8895602822303772,0.8891211152076721,0.9468874931335449,0.8895350098609924,0.8895505666732788,0.8895580768585205,0.8895633220672607,0.8895894885063171,0.8898026347160339
0.001,3,3269.2402368726025,1.3136647479308536,3267926.425191816,0.28352153301239014,52.06,0.0,0.8233695030212402,0.8233071565628052,0.8226451277732849,0.9447892308235168,0.8232670426368713,0.8232907056808472,0.8233028650283813,0.8233135938644409,0.823375403881073,0.8240246772766113
0.001,4,2955.661651064978,1.2070479277149795,2954454.4571611253,0.38935184478759766,53.44,0.0,0.7245230078697205,0.7243872284889221,0.7235277891159058,0.9426918029785156,0.7243335843086243,0.7243639230728149,0.7243804335594177,0.7243998646736145,0.7245223522186279,0.7260843515396118
0.001,5,2527.522869919877,1.1071133116626983,2526415.632352941,0.46822595596313477,54.67,0.0,0.6011068820953369,0.6008710265159607,0.5999154448509216,0.9407898187637329,0.6008114218711853,0.600843071937561,0.6008615493774414,0.6008928418159485,0.6010996103286743,0.6040340065956116
0.001,6,2045.7448330852383,1.013757289827937,2044730.9699488492,0.4875542223453522,55.99,0.0,0.47529280185699463,0.4749610424041748,0.4739503860473633,0.9390542507171631,0.47490394115448,0.4749319553375244,0.4749496281147003,0.4749929904937744,0.4752909541130066,0.4796094000339508
0.001,7,1595.3464161904571,0.9424909932534103,1594403.8481457802,0.45358628034591675,56.99,0.0,0.3665613830089569,0.3661620616912842,0.3654789924621582,0.9372591376304626,0.36611127853393555,0.3661333918571472,0.3661491572856903,0.36620306968688965,0.3665841519832611,0.37192028760910034
0.001,8,1226.290423068854,0.8865166908639777,1225403.8468670077,0.3958887457847595,56.96,0.0,0.2814476490020752,0.28101155161857605,0.2804798185825348,0.936594545841217,0.28096631169319153,0.28098317980766296,0.28099721670150757,0.28106048703193665,0.2815103828907013,0.2874411344528198
0.001,9,944.3077881171575,0.8485742914097388,943459.170556266,0.33389919996261597,56.65,0.0,0.21762250363826752,0.21717138588428497,0.21669918298721313,0.9365988969802856,0.21712979674339294,0.21714314818382263,0.21715569496154785,0.21722766757011414,0.21773570775985718,0.2239351123571396
0.001,10,734.2148131543718,0.8267301787500796,733388.0479539642,0.27734407782554626,57.49,0.0,0.17021098732948303,0.169756680727005,0.16938567161560059,0.9366486072540283,0.16971778869628906,0.1697283834218979,0.16973982751369476,0.1698196530342102,0.1703774333000183,0.17667293548583984
0.001,11,577.7857611380574,0.8119820603324325,576973.7533567775,0.2306242436170578,57.44,0.0,0.1347549706697464,0.1343034952878952,0.1339118927717209,0.937440037727356,0.13426586985588074,0.13427472114562988,0.13428540527820587,0.13437336683273315,0.1349746286869049,0.14122354984283447
0.001,12,460.11471065901736,0.8089217732629508,459305.7672634271,0.1930186003446579,57.3,0.0,0.10789106041193008,0.1074456125497818,0.1071246936917305,0.9384950995445251,0.10740804672241211,0.10741580277681351,0.1074262261390686,0.10752179473638535,0.10816385596990585,0.11430219560861588
0.001,13,370.3370856165581,0.8039290651945812,369533.13970588235,0.16125154495239258,56.83,0.0,0.08723814785480499,0.08679979294538498,0.08658001571893692,0.9399673342704773,0.08676200360059738,0.08676883578300476,0.08677900582551956,0.08688237518072128,0.08756139874458313,0.09352625161409378
0.001,14,300.8497042838875,0.8040881219422421,300045.6017423274,0.13397391140460968,57.61,0.0,0.07113590836524963,0.07070470601320267,0.07049968838691711,0.9417745471000671,0.07066585123538971,0.07067209482192993,0.07068206369876862,0.07079394161701202,0.07150943577289581,0.0772763192653656
0.001,15,246.33840099442037,0.8056250365493852,245532.76514546035,0.11330250650644302,57.1,0.0,0.05842208117246628,0.05799692124128342,0.05778466537594795,0.9434959292411804,0.057956404983997345,0.05796230584383011,0.057972148060798645,0.05809327960014343,0.05884513631463051,0.064407117664814
0.001,16,203.06407153819833,0.8058761864367043,202258.1854219949,0.10267866402864456,57.58,0.0,0.0482725165784359,0.04785189405083656,0.047656964510679245,0.9456245303153992,0.047809284180402756,0.04781491681933403,0.047824397683143616,0.04795597121119499,0.04874525964260101,0.05411064997315407
0.001,17,168.35018296497861,0.8015585875572147,167548.6157688619,0.08455245941877365,56.87,0.0,0.04009265452623367,0.039675258100032806,0.03947531431913376,0.947809636592865,0.03963017091155052,0.03963549807667732,0.03964449465274811,0.03978786990046501,0.040613867342472076,0.04577665030956268
0.001,18,140.26218904070842,0.7993845488409252,139462.79749440536,0.07530564814805984,57.45,0.0,0.03344675526022911,0.03303119167685509,0.03288520872592926,0.9501244425773621,0.032983146607875824,0.0329882986843586,0.03299690783023834,0.033153217285871506,0.03401714935898781,0.03899451345205307
0.001,19,117.36204019531874,0.7929372316431207,116569.09756633632,0.07351872324943542,57.24,0.0,0.028011055663228035,0.02759527787566185,0.027487218379974365,0.9530901908874512,0.027543513104319572,0.0275486521422863,0.02755703404545784,0.02772798202931881,0.028634529560804367,0.03343139961361885
0.001,20,98.57727606888012,0.7876374421217253,97789.6340113491,0.06257525831460953,57.24,0.0,0.023539623245596886,0.023121949285268784,0.023018784821033478,0.9572221636772156,0.02306591346859932,0.023071059957146645,0.023079294711351395,0.023266997188329697,0.02421969175338745,0.02884700521826744
0.001,21,83.08727127816671,0.7799397627715869,82307.32760549872,0.06061091646552086,57.97,0.0,0.019844653084874153,0.01942269876599312,0.019273359328508377,0.9607205986976624,0.019361697137355804,0.019366970285773277,0.01937531866133213,0.019581817090511322,0.02058945782482624,0.025057174265384674
0.001,22,70.25913521456901,0.7705018149922266,69488.62994525256,0.07640079408884048,57.7,0.0,0.016779625788331032,0.01635141298174858,0.016231946647167206,0.963892936706543,0.01628478430211544,0.01629006303846836,0.016298724338412285,0.016526540741324425,0.01759508065879345,0.021949797868728638
0.001,23,59.60027595188307,0.7604877569181535,58839.785485933506,0.06722873449325562,57.68,0.0,0.014229719527065754,0.013792848214507103,0.013680858537554741,0.9664692282676697,0.013719640672206879,0.013724971562623978,0.013734256848692894,0.013986414298415184,0.015126887708902359,0.019361743703484535
0.001,24,50.71885958230099,0.7499809823072779,49968.87611892583,0.07454294711351395,57.66,0.0,0.012102581560611725,0.011655168607831001,0.011537677608430386,0.9697998762130737,0.01157480850815773,0.011580134741961956,0.011590263806283474,0.011869539506733418,0.013087430968880653,0.01723281666636467
0.001,25,43.29849261700954,0.736470610436881,42562.019950847185,0.08536237478256226,57.52,67.84652523051555,0.010325110517442226,0.009865322150290012,0.009740063920617104,0.9728856086730957,0.009776916354894638,0.009782226756215096,0.009793387725949287,0.01010303944349289,0.011406008154153824,0.015466518700122833
0.001,26,37.090059197467305,0.7229687635551023,36367.08872482417,0.07852285355329514,57.23,94.92952555020864,0.008837059140205383,0.008363636210560799,0.008232195861637592,0.9756331443786621,0.008266654796898365,0.008271899074316025,0.008284183219075203,0.008626649156212807,0.010018585249781609,0.014018150977790356
0.001,27,31.88555504781816,0.7075609823931819,31177.992527173912,0.08779346942901611,57.17,97.4020203762283,0.007589672226458788,0.007101869210600853,0.006958724930882454,0.9778819680213928,0.006995688192546368,0.007000823970884085,0.007014332339167595,0.00739185931161046,0.008874209597706795,0.012807991355657578
0.001,28,27.51673050609696,0.6913206443152464,26825.408607736572,0.10523077100515366,56.89,98.25846135078746,0.0065428102388978004,0.006040334701538086,0.00588501151651144,0.9799269437789917,0.0059244767762720585,0.005929498001933098,0.005944333504885435,0.006358961574733257,0.007930341176688671,0.011812967248260975
0.001,29,23.846322701105375,0.6759514046447052,23170.370199608376,0.11361528187990189,57.63,98.67876838235294,0.0056633418425917625,0.005146547220647335,0.004987096413969994,0.9817062020301819,0.005020523443818092,0.005025408696383238,0.005041575990617275,0.005495028104633093,0.007147651165723801,0.010967666283249855
0.001,30,20.75584641868806,0.6584664510034234,20097.378966192457,0.11363337934017181,57.06,98.92545261811819,0.004923179745674133,0.004393018316477537,0.004225919023156166,0.9833311438560486,0.004256756976246834,0.004261539317667484,0.00427897647023201,0.004771604668349028,0.006499273702502251,0.010258443653583527
0.001,31,18.15228937349051,0.6425580170453357,17509.730493726023,0.09617837518453598,57.74,99.08947936296944,0.004299727268517017,0.0037574409507215023,0.0035820924676954746,0.9847956895828247,0.003610888496041298,0.003615447785705328,0.003634281689301133,0.004165741614997387,0.00595932686701417,0.009658684954047203
0.001,32,15.955221398102353,0.625855196772329,15329.365451666401,0.1786637008190155,57.1,99.20649860344595,0.003773933043703437,0.0032212482765316963,0.0030394415371119976,0.9861183166503906,0.003064254065975547,0.0030683341901749372,0.003088806290179491,0.003657751949504018,0.0055059222504496574,0.009135975502431393
0.001,33,14.093012699995505,0.604400437353822,13488.611657808504,0.10699394345283508,57.05,99.29273160923408,0.00332948612049222,0.00276823528110981,0.002579751890152693,0.9872847199440002,0.002601431682705879,0.002604780253022909,0.0026269734371453524,0.003231010166928172,0.00512315146625042,0.008686568588018417
0.001,34,12.516890155080029,0.5871843842746657,11929.705220488331,0.12053282558917999,56.7,99.35966735092207,0.0029525146819651127,0.002384837018325925,0.0021903098095208406,0.9884186387062073,0.0022091695573180914,0.0022118587512522936,0.0022355893161147833,0.002870752941817045,0.004794883541762829,0.008293905295431614
0.001,35,11.178100627401601,0.571284108149731,10606.815986652813,0.10123403370380402,57.33,99.41227474256293,0.0026323385536670685,0.002060286235064268,0.0018596149748191237,0.989324152469635,0.0018765516579151154,0.0018786819418892264,0.0019037467427551746,0.0025663799606263638,0.004511212930083275,0.007943347096443176
0.001,36,10.033072274054408,0.5517837655971117,9481.288058463875,0.12758132815361023,57.01,99.45636399582716,0.002359360223636031,0.001784900901839137,0.001580752432346344,0.990199625492096,0.0015944525366649032,0.0015960404416546226,0.0016221976839005947,0.0023074657656252384,0.0042647854425013065,0.007635870948433876
0.001,37,9.05458467878649,0.5339831013966094,8520.601151644421,0.1474989950656891,56.8,99.49380173980347,0.0021262108348309994,0.0015509770018979907,0.0013424160424619913,0.9910071492195129,0.0013550531584769487,0.001356207998469472,0.0013831930700689554,0.0020862272940576077,0.004050073213875294,0.007355387322604656
0.001,38,8.215576338950935,0.5169983162447009,7698.57764795796,0.13197799026966095,56.87,99.52619169807511,0.0019262919668108225,0.0013517887564375997,0.0011412204476073384,0.9918665289878845,0.0011518492829054594,0.0011526182061061263,0.001180162187665701,0.0018963443581014872,0.003860980272293091,0.0071027823723852634
0.001,39,7.494436473797654,0.5012425733801654,6993.193564178388,0.13543149828910828,56.45,99.5547695265177,0.0017545456066727638,0.001182114239782095,0.0009699991787783802,0.9926371574401855,0.000979294185526669,0.0009797581005841494,0.0010076304897665977,0.0017327493987977505,0.003693637438118458,0.006877643056213856
0.001,40,6.870625456885609,0.48452560348279033,6386.099556925352,0.14772243797779083,56.88,99.57885167081707,0.0016064642695710063,0.0010370949748903513,0.0008248474914580584,0.9933045506477356,0.0008327460964210331,0.00083295872900635,0.0008609481155872345,0.0015909160720184445,0.0035438635386526585,0.006678280886262655
0.001,41,6.329491025041741,0.46804512187343117,5861.44561595868,0.1239183321595192,56.58,99.60067282776956,0.001478229183703661,0.00091285549569875,0.0007016051677055657,0.9939033389091492,0.0007081736112013459,0.0007082691299729049,0.0007361278403550386,0.001467066234908998,0.0034087211824953556,0.0064892699010670185
0.001,42,5.8585320897114554,0.4520127648282844,5406.519066695972,0.11613937467336655,56.28,99.6204959028806,0.0013667555758729577,0.0008059822721406817,0.0005971642676740885,0.9944341778755188,0.0006022854940965772,0.0006023409077897668,0.0006298201042227447,0.0013585165143013,0.003286950755864382,0.006315138190984726
0.001,43,5.448052155087366,0.43794117490653794,5010.110749930067,0.11536606401205063,56.2,99.63703265917351,0.0012694428442046046,0.0007138054934330285,0.0005076005472801626,0.9949185252189636,0.0005123032606206834,0.0005123403971083462,0.0005392395542003214,0.001262211473658681,0.0031747077591717243,0.006154172122478485
0.001,44,5.086586841232027,0.4231945660413074,4663.392058623721,0.15626803040504456,56.39,99.65233375959079,0.0011841870145872235,0.0006340547115541995,0.0004324780311435461,0.9953513145446777,0.00043583675869740546,0.0004358635633252561,0.00046200407086871564,0.001176902442239225,0.003071214770898223,0.0060024382546544075
0.001,45,4.76819853526552,0.40917395181058314,4359.024375349664,0.10463159531354904,56.13,99.66624146082918,0.0011091523338109255,0.0005647530197165906,0.0003683228569570929,0.9957295060157776,0.0003708520671352744,0.00037087188684381545,0.00039611721877008677,0.001100718043744564,0.0029760408215224743,0.0058611733838915825
0.001,46,4.484421245887152,0.394085168838501,4090.3358763087435,0.13713930547237396,56.36,99.67954447940504,0.0010427171364426613,0.0005042030243203044,0.0003134105063509196,0.996109664440155,0.00031563121592625976,0.00031564716482535005,0.00033984644687734544,0.0010318313725292683,0.002888665534555912,0.005730240605771542
0.001,47,4.233157689614064,0.3809009725632875,3852.2565249860136,0.11664187908172607,56.2,99.69176958540854,0.0009837844409048557,0.00045138178393244743,0.00026696102577261627,0.9964350461959839,0.00026868487475439906,0.00026869718567468226,0.00029176136013120413,0.0009698031935840845,0.0028069226536899805,0.005607488565146923
0.001,48,4.00829744704849,0.3678323489320857,3640.464926170876,0.16080373525619507,55.25,99.70349517095167,0.0009312391630373895,0.0004049521521665156,0.00022741385328117758,0.9967501163482666,0.0002287881070515141,0.0002287979586981237,0.000250663491897285,0.0009133910061791539,0.0027304627001285553,0.005488689057528973
0.001,49,3.809599385542028,0.35812745024176207,3451.471772098785,0.17743583023548126,55.58,99.71390622896756,0.0008842826937325299,0.0003642429655883461,0.00019356592383701354,0.9970173835754395,0.00019486757810227573,0.00019487555255182087,0.00021549174562096596,0.0008620553417131305,0.002658819081261754,0.005377205088734627
0.001,50,3.6279303198275357,0.34564890199914916,3282.2812668588153,0.1273229569196701,55.39,99.72371260432091,0.000842166249640286,0.0003282476682215929,0.00016498581680934876,0.9972622394561768,0.0001660316629568115,0.00016603831318207085,0.0001854129950515926,0.0008154369425028563,0.0025913193821907043,0.005273713730275631
